task,actor,category,start_utc,end_utc,outcome
mvp-assessment-2026-09-27,codex-root,assessment,2026-09-27T11:42:36Z,2026-09-27T11:44:36Z,120 seconds measured: audited 75 open issues and 11 PRs; documented all 48 MVP candidates and 27 deferrals; excludes initial untimed discovery and publication
issue-134-pr-236,codex-root,investigation,2026-09-27T11:45:45Z,2026-09-27T11:46:02Z,17 seconds: full PR queue inspected; diagnostic CI 36316415592 still queued; no new failure logs
issue-77,codex-root,implementation,2026-09-27T11:46:02Z,2026-09-27T11:46:43Z,41 seconds: corrected four install-guide passages against SPEC 0030; migration explicitly pending; diff check passed; publication excluded
issue-117,codex-root,investigation,2026-09-27T11:47:18Z,2026-09-27T11:49:00Z,102 seconds: traced per-launch current selection and login startup; found SPEC 0005 same-UID singleton versus SPEC 0030 overlap ambiguity; product clarification required; publication excluded
issue-79-and-117,codex-root,verification,2026-09-27T11:49:54Z,2026-09-27T11:51:07Z,73 seconds combined interval: CI inspection and lock artifact red-green test; interrupted to record owner single-session decision; exact per-task split unmeasured; publication excluded
reuse-research-expanded,codex-root,investigation,2026-09-27T11:51:55Z,2026-09-27T11:56:22Z,267 seconds primary-source theme research and synthesis; parallel effort below overlaps this interval; publication excluded
reuse-research-session,codex-reuse-session,investigation,2026-09-27T11:52:08Z,2026-09-27T11:52:41Z,33 seconds agent-reported read-only session and activation research
reuse-research-desktop,codex-reuse-desktop,investigation,2026-09-27T11:52:18Z,2026-09-27T11:53:39Z,81 seconds agent-reported read-only desktop-client research
reuse-research-packaging,codex-reuse-packaging,investigation,2026-09-27T11:52:30Z,2026-09-27T11:53:41Z,71 seconds agent-reported read-only packaging and VM-harness research
fedora-status-projection,codex,verification,2026-09-27T12:01:50Z,2026-09-27T12:02:23Z,Clarified remaining graphical proof as unverified; projection guard and diff check pass; earlier resumed investigation interval not charged due unknown boundary
readme-trial,codex-review-login-primitives,verification,2026-09-27T15:42:27Z,2026-09-27T15:45:20Z,173 seconds agent-reported specification and README guard regressions; overlaps root documentation work whose exact interval was not measured
main-native-evidence,codex-review-login-integration,implementation,2026-09-27T15:53:27Z,2026-09-27T15:54:14Z,Reused 6937ada and be07410 namespace-safe evidence fix plus f131f74 routing test correction; observed runner-temp regression red then nine routing and six launch policy tests green; no local packaging; publication excluded
global-colour-guard,codex-reuse-desktop,implementation,2026-09-27T16:23:25Z,2026-09-27T16:25:01Z,Extracted exact global CI guard into reusable local script; red then green allowlist and refusal fixtures; 33 template and 37 README fixtures pass; new script ShellCheck clean; existing template fixture SC2016 remains; publication excluded
ci-test-timeout,codex-review-recovery-scopes,implementation,2026-09-27T17:38:45Z,2026-09-27T17:40:00Z,75 seconds measured active work; accepted SPEC0031 refinement then failing workflow regression then seven passing tests; 20-minute Rust test step and 25-minute job with seven-day text diagnostics; no packaging or cancellation; browser unavailable; commit-only handoff
distro-test-timeout,codex-review-recovery-scopes,implementation,2026-09-27T18:35:05Z,2026-09-27T18:36:34Z,89 seconds measured active work; SPEC0031 universal launch-workflow correction then red distro regression then seven passing fixtures and native workflow contract; 20-minute step and 25-minute job preserve locked tests and matrix-specific seven-day text logs; no Cargo packaging or CI cancellation; commit-only handoff
